scenario,replicate,family,budget,reference_draws,planning_draws,valid,reason,gamma,monotone,monotonicity_violations,epsilon,optimum,selected_value,lower_bound,bound_holds,vacuous
moderate,0,operational,1,2048,128,True,assumption_failed,-10.456391893542852,False,54,0.015619786207935693,1.297211539583075,1.297211539583075,,,
moderate,0,operational,2,2048,128,True,assumption_failed,-10.456391893542852,False,54,0.015619786207935693,1.6558083213117945,1.6558083213117945,,,
moderate,0,operational,3,2048,128,True,assumption_failed,-10.456391893542852,False,54,0.015619786207935693,1.6558083213117945,1.6558083171890772,,,
moderate,0,retained_certificates,1,2048,128,True,eligible,1.0,True,0,0.022751250437702097,1.0039208637828247,1.0039208637828247,0.5890965165586433,True,False
moderate,0,retained_certificates,2,2048,128,True,eligible,1.0,True,0,0.022751250437702097,1.3168962136393785,1.3168962136393785,0.7414321687341272,True,False
moderate,0,retained_certificates,3,2048,128,True,eligible,1.0,True,0,0.022751250437702097,1.3168962136393785,1.3168962136393785,0.695929667858723,True,False
moderate,1,operational,1,2048,128,True,assumption_failed,-503.9726045096643,False,71,0.00391031183729984,0.2689467526165916,0.2689467526165916,,,
moderate,1,operational,2,2048,128,True,assumption_failed,-503.9726045096643,False,71,0.00391031183729984,0.31068936454214713,0.31068936454214713,,,
moderate,1,operational,3,2048,128,True,assumption_failed,-503.9726045096643,False,71,0.00391031183729984,0.31068936454214713,0.29933288262242974,,,
moderate,1,retained_certificates,1,2048,128,True,eligible,1.0,True,0,0.004137748152689191,0.09130945630283716,0.09130945630283716,0.04944308823910281,True,False
moderate,1,retained_certificates,2,2048,128,True,eligible,1.0,True,0,0.004137748152689191,0.09515034588801452,0.09515034588801452,0.04359549720470553,True,False
moderate,1,retained_certificates,3,2048,128,True,eligible,1.0,True,0,0.004137748152689191,0.09515034588801452,0.09515034588801452,0.035320000899327145,True,False
moderate,2,operational,1,2048,128,True,assumption_failed,-0.6079299555648245,False,35,0.006350556731115731,2.3922242784617476,2.3922242784617476,,,
moderate,2,operational,2,2048,128,True,assumption_failed,-0.6079299555648245,False,35,0.006350556731115731,2.56677560987312,2.56677560987312,,,
moderate,2,operational,3,2048,128,True,assumption_failed,-0.6079299555648245,False,35,0.006350556731115731,2.6588226483057413,2.6588226483057413,,,
moderate,2,retained_certificates,1,2048,128,True,eligible,1.0,True,0,0.011886972942511509,2.02378194375552,2.02378194375552,1.255500227348861,True,False
moderate,2,retained_certificates,2,2048,128,True,eligible,1.0,True,0,0.011886972942511509,2.2458898881482545,2.2458898881482545,1.3721252793936354,True,False
moderate,2,retained_certificates,3,2048,128,True,eligible,1.0,True,0,0.011886972942511509,2.2458898881482545,2.2458898881482545,1.3483513335086124,True,False
moderate,3,operational,1,2048,128,True,assumption_failed,-2.9354273007825142,False,32,0.0053153062431188225,1.3626247950780068,1.3626247950780068,,,
moderate,3,operational,2,2048,128,True,assumption_failed,-2.9354273007825142,False,32,0.0053153062431188225,1.8524753512307677,1.8524753512307677,,,
moderate,3,operational,3,2048,128,True,assumption_failed,-2.9354273007825142,False,32,0.0053153062431188225,1.8524753512307677,1.8524753512274437,,,
moderate,3,retained_certificates,1,2048,128,True,eligible,1.0,True,0,0.003441797622467657,1.230052258014271,1.230052258014271,0.7706577254793748,True,False
moderate,3,retained_certificates,2,2048,128,True,eligible,1.0,True,0,0.003441797622467657,1.4700015696558166,1.4700015696558166,0.9154510231998211,True,False
moderate,3,retained_certificates,3,2048,128,True,eligible,1.0,True,0,0.003441797622467657,1.4700015696558166,1.4700015696558166,0.9085674279548858,True,False
moderate,4,operational,1,2048,128,True,assumption_failed,0.44540448282825246,False,63,0.0040280859621657505,0.32163465521065504,0.32163465521065504,,,
moderate,4,operational,2,2048,128,True,assumption_failed,0.44540448282825246,False,63,0.0040280859621657505,0.43170258103897696,0.43170258103897696,,,
moderate,4,operational,3,2048,128,True,assumption_failed,0.44540448282825246,False,63,0.0040280859621657505,0.49290573589799,0.49290573589799,,,
moderate,4,retained_certificates,1,2048,128,True,eligible,1.0,True,0,0.0029323957107720844,0.03200215775684345,0.03200215775684345,0.014364430423431374,True,False
moderate,4,retained_certificates,2,2048,128,True,eligible,1.0,True,0,0.0029323957107720844,0.051771243629562314,0.051771243629562314,0.020996084611279997,True,False
moderate,4,retained_certificates,3,2048,128,True,eligible,1.0,True,0,0.0029323957107720844,0.051771243629562314,0.051771243629562314,0.015131293189735828,True,False
moderate,5,operational,1,2048,128,True,assumption_failed,0.17552566189804505,False,22,0.016100348418227384,2.4438598863505323,2.4438598863505323,,,
moderate,5,operational,2,2048,128,True,assumption_failed,0.17552566189804505,False,22,0.016100348418227384,2.8791814486544074,2.8791814486544074,,,
moderate,5,operational,3,2048,128,True,assumption_failed,0.17552566189804505,False,22,0.016100348418227384,2.8791814490209315,2.8791814490209315,,,
moderate,5,retained_certificates,1,2048,128,True,eligible,1.0,True,0,0.014993779481781822,2.3356956160039575,2.3356956160039575,1.4464536590782702,True,False
moderate,5,retained_certificates,2,2048,128,True,eligible,1.0,True,0,0.014993779481781822,2.753841590320184,2.753841590320184,1.6807847670713914,True,False
moderate,5,retained_certificates,3,2048,128,True,eligible,1.0,True,0,0.014993779481781822,2.753841590320184,2.753841590320184,1.6507972081078277,True,False
moderate,6,operational,1,2048,128,True,assumption_failed,-14.602967282362595,False,28,0.011539706504240854,0.6114535055966877,0.6114535055966877,,,
moderate,6,operational,2,2048,128,True,assumption_failed,-14.602967282362595,False,28,0.011539706504240854,0.8178561744025976,0.8178561744025976,,,
moderate,6,operational,3,2048,128,True,assumption_failed,-14.602967282362595,False,28,0.011539706504240854,0.8416308142752835,0.8416308142752835,,,
moderate,6,retained_certificates,1,2048,128,True,eligible,1.0,True,0,0.009141448619348846,0.3642727183642207,0.3642727183642207,0.2119813770596913,True,False
moderate,6,retained_certificates,2,2048,128,True,eligible,1.0,True,0,0.009141448619348846,0.541814733583518,0.541814733583518,0.3059264376969641,True,False
moderate,6,retained_certificates,3,2048,128,True,eligible,1.0,True,0,0.009141448619348846,0.541814733583518,0.541814733583518,0.2876435404582664,True,False
moderate,7,operational,1,2048,128,True,assumption_failed,-0.7870285392664506,False,40,0.010635180776489062,1.5589127180688087,1.5589127180688087,,,
moderate,7,operational,2,2048,128,True,assumption_failed,-0.7870285392664506,False,40,0.010635180776489062,1.753679748974399,1.753679748974399,,,
moderate,7,operational,3,2048,128,True,assumption_failed,-0.7870285392664506,False,40,0.010635180776489062,1.7536797708238643,1.7536797708238643,,,
moderate,7,retained_certificates,1,2048,128,True,eligible,0.9999999999999841,True,0,0.011279364204118458,1.1958806718083008,1.1958806718083008,0.7333820301474899,True,False
moderate,7,retained_certificates,2,2048,128,True,eligible,0.9999999999999841,True,0,0.011279364204118458,1.6368356540280034,1.6368356540280034,0.9895600115182053,True,False
moderate,7,retained_certificates,3,2048,128,True,eligible,0.9999999999999841,True,0,0.011279364204118458,1.6368356540280034,1.6368356540280034,0.9670012831099679,True,False
moderate,8,operational,1,2048,128,True,assumption_failed,-32.03193862055047,False,35,0.012303179847078738,1.2112299054713818,1.2112299054713818,,,
moderate,8,operational,2,2048,128,True,assumption_failed,-32.03193862055047,False,35,0.012303179847078738,1.670458748004267,1.670458748004267,,,
moderate,8,operational,3,2048,128,True,assumption_failed,-32.03193862055047,False,35,0.012303179847078738,1.6718641738849072,1.6718641738849072,,,
moderate,8,retained_certificates,1,2048,128,True,eligible,1.0,True,0,0.026961730756665858,1.183093298430323,1.183093298430323,0.6939341354367656,True,False
moderate,8,retained_certificates,2,2048,128,True,eligible,1.0,True,0,0.026961730756665858,1.6516929394843585,1.6516929394843585,0.9362221408933724,True,False
moderate,8,retained_certificates,3,2048,128,True,eligible,1.0,True,0,0.026961730756665858,1.6516929394843585,1.6516929394843585,0.8822986793800407,True,False
moderate,9,operational,1,2048,128,True,assumption_failed,-33.45586439275845,False,60,0.0040974149037245056,0.46413897578844265,0.46413897578844265,,,
moderate,9,operational,2,2048,128,True,assumption_failed,-33.45586439275845,False,60,0.0040974149037245056,0.7011013438010179,0.7011013438010179,,,
moderate,9,operational,3,2048,128,True,assumption_failed,-33.45586439275845,False,60,0.0040974149037245056,0.7011311133975551,0.7011311133975551,,,
moderate,9,retained_certificates,1,2048,128,True,eligible,1.0,True,0,0.0033482689575832225,0.4439108609730402,0.4439108609730402,0.2739086435931779,True,False
moderate,9,retained_certificates,2,2048,128,True,eligible,1.0,True,0,0.0033482689575832225,0.6834647286846014,0.6834647286846014,0.4186390304053859,True,False
moderate,9,retained_certificates,3,2048,128,True,eligible,1.0,True,0,0.0033482689575832225,0.6834647286846014,0.6834647286846014,0.41194249249021947,True,False
moderate,10,operational,1,2048,128,True,assumption_failed,-2.7933754216435402,False,20,0.021434397880056633,0.5696947387496092,0.5696947387496092,,,
moderate,10,operational,2,2048,128,True,assumption_failed,-2.7933754216435402,False,20,0.021434397880056633,0.8719995425055798,0.8719995425055798,,,
moderate,10,operational,3,2048,128,True,assumption_failed,-2.7933754216435402,False,20,0.021434397880056633,0.8767991565388042,0.8767991565388042,,,
moderate,10,retained_certificates,1,2048,128,True,eligible,1.0,True,0,0.018666734434483523,0.4714869009393823,0.4714869009393823,0.26070309443318007,True,False
moderate,10,retained_certificates,2,2048,128,True,eligible,1.0,True,0,0.018666734434483523,0.847666312539606,0.847666312539606,0.4611603654447445,True,False
moderate,10,retained_certificates,3,2048,128,True,eligible,1.0,True,0,0.018666734434483523,0.847666312539606,0.847666312539606,0.42382689657577743,True,False
moderate,11,operational,1,2048,128,True,assumption_failed,-0.6406460924159257,False,34,0.014113243212018567,1.1684930453507736,1.1684930453507736,,,
moderate,11,operational,2,2048,128,True,assumption_failed,-0.6406460924159257,False,34,0.014113243212018567,1.2527895101345745,1.2527895101345745,,,
moderate,11,operational,3,2048,128,True,assumption_failed,-0.6406460924159257,False,34,0.014113243212018567,1.335224036075319,1.3330430643460383,,,
moderate,11,retained_certificates,1,2048,128,True,eligible,1.0,True,0,0.006254638522600331,1.1551162788013056,1.1551162788013056,0.7176634706226447,True,False
moderate,11,retained_certificates,2,2048,128,True,eligible,1.0,True,0,0.006254638522600331,1.2365582394540624,1.2365582394540624,0.756635331257358,True,False
moderate,11,retained_certificates,3,2048,128,True,eligible,1.0,True,0,0.006254638522600331,1.2365582394540624,1.2365582394540624,0.7441260542121574,True,False
severe,0,operational,1,2048,128,True,assumption_failed,-29.65556777861741,False,27,0.009544460755681605,4.63752453647816,4.63752453647816,,,
severe,0,operational,2,2048,128,True,assumption_failed,-29.65556777861741,False,27,0.009544460755681605,5.242903695636118,5.242903695636118,,,
severe,0,operational,3,2048,128,True,assumption_failed,-29.65556777861741,False,27,0.009544460755681605,5.242903695636118,5.242903695636104,,,
severe,0,retained_certificates,1,2048,128,True,eligible,1.0,True,0,0.010741914980052059,4.626249196081487,4.626249196081487,2.9028633971470907,True,False
severe,0,retained_certificates,2,2048,128,True,eligible,1.0,True,0,0.010741914980052059,4.668532702158406,4.668532702158406,2.90810784067756,True,False
severe,0,retained_certificates,3,2048,128,True,eligible,1.0,True,0,0.010741914980052059,4.668598550092278,4.668532702158406,2.886665634550212,True,False
severe,1,operational,1,2048,128,True,assumption_failed,-7.909735209870415,False,42,0.0037762536918912737,3.4445805396978204,3.4445805396978204,,,
severe,1,operational,2,2048,128,True,assumption_failed,-7.909735209870415,False,42,0.0037762536918912737,4.00184581780361,4.00184581780361,,,
severe,1,operational,3,2048,128,True,assumption_failed,-7.909735209870415,False,42,0.0037762536918912737,4.303417995472802,4.303417995472802,,,
severe,1,retained_certificates,1,2048,128,True,eligible,1.0,True,0,0.008924808755442548,3.368510960133806,3.368510960133806,2.1114554130290175,True,False
severe,1,retained_certificates,2,2048,128,True,eligible,1.0,True,0,0.008924808755442548,3.546002182254276,3.546002182254276,2.205801646032088,True,False
severe,1,retained_certificates,3,2048,128,True,eligible,1.0,True,0,0.008924808755442548,3.54675088291793,3.54675088291793,2.188425297603107,True,False
severe,2,operational,1,2048,128,True,assumption_failed,-0.7295311878493431,False,14,0.01163415297562942,2.9831198581450433,2.9831198581450433,,,
severe,2,operational,2,2048,128,True,assumption_failed,-0.7295311878493431,False,14,0.01163415297562942,3.5552600802994125,3.5552600802994125,,,
severe,2,operational,3,2048,128,True,assumption_failed,-0.7295311878493431,False,14,0.01163415297562942,3.5552600805832975,3.5552600805832975,,,
severe,2,retained_certificates,1,2048,128,True,eligible,1.0,True,0,0.02157592509871975,2.9707036009242707,2.9707036009242707,1.8346909701328191,True,False
severe,2,retained_certificates,2,2048,128,True,eligible,1.0,True,0,0.02157592509871975,3.2387746657249785,3.2387746657249785,1.9609923512229694,True,False
severe,2,retained_certificates,3,2048,128,True,eligible,1.0,True,0,0.02157592509871975,3.2387746657249785,3.2387746657249785,1.91784050102553,True,False
severe,3,operational,1,2048,128,True,assumption_failed,-0.15450609727389633,False,14,0.008030489541306807,4.370003864568389,4.370003864568389,,,
severe,3,operational,2,2048,128,True,assumption_failed,-0.15450609727389633,False,14,0.008030489541306807,4.967008443562937,4.967008443562937,,,
severe,3,operational,3,2048,128,True,assumption_failed,-0.15450609727389633,False,14,0.008030489541306807,5.065334565421599,5.04054581792319,,,
severe,3,retained_certificates,1,2048,128,True,eligible,1.0,True,0,0.01594632783106853,4.371050073649715,4.371050073649715,2.731137959560929,True,False
severe,3,retained_certificates,2,2048,128,True,eligible,1.0,True,0,0.01594632783106853,4.778243486091915,4.778243486091915,2.956640631323063,True,False
severe,3,retained_certificates,3,2048,128,True,eligible,1.0,True,0,0.01594632783106853,4.778296941011991,4.778243486091915,2.9247817656148762,True,False
severe,4,operational,1,2048,128,True,assumption_failed,-5.015382411427577,False,23,0.004243548713050771,4.999662261692343,4.999662261692343,,,
severe,4,operational,2,2048,128,True,assumption_failed,-5.015382411427577,False,23,0.004243548713050771,5.605041420850743,5.605041420850743,,,
severe,4,operational,3,2048,128,True,assumption_failed,-5.015382411427577,False,23,0.004243548713050771,5.626809287169737,5.605041420850501,,,
severe,4,retained_certificates,1,2048,128,True,eligible,1.0,True,0,0.004747536009988451,4.988512789903622,4.988512789903622,3.1438464204573076,True,False
severe,4,retained_certificates,2,2048,128,True,eligible,1.0,True,0,0.004747536009988451,5.030891468575443,5.030891468575443,3.1611397824817784,True,False
severe,4,retained_certificates,3,2048,128,True,eligible,1.0,True,0,0.004747536009988451,5.030916225514478,5.030916225514478,3.151660359831939,True,False
severe,5,operational,1,2048,128,True,assumption_failed,-1.706112422894365,False,16,0.004184260096023351,5.1013821486585265,5.1013821486585265,,,
severe,5,operational,2,2048,128,True,assumption_failed,-1.706112422894365,False,16,0.004184260096023351,5.673756798989783,5.673756798989783,,,
severe,5,operational,3,2048,128,True,assumption_failed,-1.706112422894365,False,16,0.004184260096023351,5.699261087095232,5.699261087095232,,,
severe,5,retained_certificates,1,2048,128,True,eligible,1.0,True,0,0.010214514729565138,5.089095049363309,5.089095049363309,3.196492577076051,True,False
severe,5,retained_certificates,2,2048,128,True,eligible,1.0,True,0,0.010214514729565138,5.343803715528755,5.343803715528755,3.3370701320118985,True,False
severe,5,retained_certificates,3,2048,128,True,eligible,1.0,True,0,0.010214514729565138,5.34381035714754,5.343803715528755,3.3166453008565466,True,False
severe,6,operational,1,2048,128,True,assumption_failed,-52.54019714052586,False,28,0.009328381717442547,3.3946355228043856,3.3946355228043856,,,
severe,6,operational,2,2048,128,True,assumption_failed,-52.54019714052586,False,28,0.009328381717442547,4.012884693134868,4.012884693134868,,,
severe,6,operational,3,2048,128,True,assumption_failed,-52.54019714052586,False,28,0.009328381717442547,4.012884693134868,4.012884693134739,,,
severe,6,retained_certificates,1,2048,128,True,eligible,0.9999999999918817,True,0,0.022066726282393034,3.382996563876847,3.382996563876847,2.094328225897675,True,False
severe,6,retained_certificates,2,2048,128,True,eligible,0.9999999999918817,True,0,0.022066726282393034,3.8607698332353224,3.8607698332353224,2.3522050793513305,True,False
severe,6,retained_certificates,3,2048,128,True,eligible,0.9999999999918817,True,0,0.022066726282393034,3.8607698332353224,3.8607698332353224,2.3080716267861865,True,False
severe,7,operational,1,2048,128,True,assumption_failed,0.17284386419991715,False,27,0.009118114774810948,2.906824770771196,2.906824770771196,,,
severe,7,operational,2,2048,128,True,assumption_failed,0.17284386419991715,False,27,0.009118114774810948,3.4889417967280947,3.4889417967280947,,,
severe,7,operational,3,2048,128,True,assumption_failed,0.17284386419991715,False,27,0.009118114774810948,3.488942237151141,3.488942237151141,,,
severe,7,retained_certificates,1,2048,128,True,eligible,1.0,True,0,0.01112760305114513,2.896455233037853,2.896455233037853,1.8086536944274976,True,False
severe,7,retained_certificates,2,2048,128,True,eligible,1.0,True,0,0.01112760305114513,2.9408185180960915,2.9408185180960915,1.8144414328676917,True,False
severe,7,retained_certificates,3,2048,128,True,eligible,1.0,True,0,0.01112760305114513,2.9408185180960915,2.9408185180960915,1.7921862267654014,True,False
severe,8,operational,1,2048,128,True,assumption_failed,-0.8356928803190414,False,23,0.004406956769842818,3.5202435321083976,3.5202435321083976,,,
severe,8,operational,2,2048,128,True,assumption_failed,-0.8356928803190414,False,23,0.004406956769842818,4.08890464525501,4.08890464525501,,,
severe,8,operational,3,2048,128,True,assumption_failed,-0.8356928803190414,False,23,0.004406956769842818,4.131040802764729,4.098436740524663,,,
severe,8,retained_certificates,1,2048,128,True,eligible,1.0,True,0,0.006959666527258435,3.507453881866057,3.507453881866057,2.203214374816049,True,False
severe,8,retained_certificates,2,2048,128,True,eligible,1.0,True,0,0.006959666527258435,3.549296396453714,3.549296396453714,2.215744555465474,True,False
severe,8,retained_certificates,3,2048,128,True,eligible,1.0,True,0,0.006959666527258435,3.5495232366483345,3.549296396453714,2.2019686127615454,True,False
severe,9,operational,1,2048,128,True,assumption_failed,-0.14579138795018382,False,28,0.014238062552154318,4.25991776317445,4.25991776317445,,,
severe,9,operational,2,2048,128,True,assumption_failed,-0.14579138795018382,False,28,0.014238062552154318,4.8411984898998135,4.8411984898998135,,,
severe,9,operational,3,2048,128,True,assumption_failed,-0.14579138795018382,False,28,0.014238062552154318,4.95478354163761,4.841198489901622,,,
severe,9,retained_certificates,1,2048,128,True,eligible,1.0,True,0,0.01803559476157357,4.250460065173048,4.250460065173048,2.6507320021525076,True,False
severe,9,retained_certificates,2,2048,128,True,eligible,1.0,True,0,0.01803559476157357,4.2991397826441204,4.2991397826441204,2.645432262840791,True,False
severe,9,retained_certificates,3,2048,128,True,eligible,1.0,True,0,0.01803559476157357,4.2991397826441204,4.2991397826441204,2.6093610733176438,True,False
severe,10,operational,1,2048,128,True,assumption_failed,-0.39281809550081875,False,18,0.0069281539457586305,2.771927617802478,2.771927617802478,,,
severe,10,operational,2,2048,128,True,assumption_failed,-0.39281809550081875,False,18,0.0069281539457586305,3.4975770130177555,3.4975770130177555,,,
severe,10,operational,3,2048,128,True,assumption_failed,-0.39281809550081875,False,18,0.0069281539457586305,3.5502386940276773,3.5502386940276773,,,
severe,10,retained_certificates,1,2048,128,True,eligible,1.0,True,0,0.02265426447320351,2.649929750304998,2.649929750304998,1.6297665456728085,True,False
severe,10,retained_certificates,2,2048,128,True,eligible,1.0,True,0,0.02265426447320351,2.84856004939504,2.84856004939504,1.7100163123874825,True,False
severe,10,retained_certificates,3,2048,128,True,eligible,1.0,True,0,0.02265426447320351,2.853026744528,2.853026744528,1.667531273264639,True,False
severe,11,operational,1,2048,128,True,assumption_failed,-1.8952070604218585,False,36,0.0068575218962765305,2.9686265745826734,2.9686265745826734,,,
severe,11,operational,2,2048,128,True,assumption_failed,-1.8952070604218585,False,36,0.0068575218962765305,3.5749122688721156,3.5749122688721156,,,
severe,11,operational,3,2048,128,True,assumption_failed,-1.8952070604218585,False,36,0.0068575218962765305,3.685006888797391,3.5749122688728194,,,
severe,11,retained_certificates,1,2048,128,True,eligible,1.0,True,0,0.01637879565251721,2.9566944836712015,2.9566944836712015,1.8362297779985193,True,False
severe,11,retained_certificates,2,2048,128,True,eligible,1.0,True,0,0.01637879565251721,3.275171310614276,3.275171310614276,2.004787936514687,True,False
severe,11,retained_certificates,3,2048,128,True,eligible,1.0,True,0,0.01637879565251721,3.275171310614276,3.275171310614276,1.9720303452096526,True,False
