scenario_key,scenario_label,policy_key,repetitions,seed_batches,released_repetitions,release_rate,release_ci_lower,release_ci_upper,mean_raw_mae,released_mae,released_interval_coverage,released_interval_uncovered_rate,released_above_tolerance_rate,overall_interval_coverage,mean_certificate_radius,between_seed_release_sd,between_seed_released_coverage_sd,seed_batch,base_seed
nominal,nominal certified setting,certified_atlas,100,1,36,0.36,0.2727107459049014,0.45764780018837914,0.14420970703714983,0.12252322589556568,1.0,0.0,0.0,1.0,1.6907469172051912,,,0,20260831
nominal,nominal certified setting,certified_atlas,100,1,43,0.43,0.3373313900052838,0.5278478830413564,0.1601179889298047,0.13517070045342658,1.0,0.0,0.0,1.0,1.6971646670160814,,,1,20260901
nominal,nominal certified setting,certified_atlas,100,1,49,0.49,0.3942183009238615,0.5865215952256586,0.13110166314176433,0.10049219865931988,1.0,0.0,0.0,1.0,1.6901499541280822,,,2,20260902
nominal,nominal certified setting,no_rejection,100,1,100,1.0,0.9630051925239981,1.0,0.14420970703714983,0.14420970703714983,1.0,0.0,0.64,1.0,1.6907469172051912,,,0,20260831
nominal,nominal certified setting,no_rejection,100,1,100,1.0,0.9630051925239981,1.0,0.1601179889298047,0.1601179889298047,1.0,0.0,0.57,1.0,1.6971646670160814,,,1,20260901
nominal,nominal certified setting,no_rejection,100,1,100,1.0,0.9630051925239981,1.0,0.13110166314176433,0.13110166314176433,1.0,0.0,0.51,1.0,1.6901499541280822,,,2,20260902
nominal,nominal certified setting,understated_smoothness,100,1,100,1.0,0.9630051925239981,1.0,0.14420970703714983,0.14420970703714983,1.0,0.0,0.0,1.0,0.7633928301865628,,,0,20260831
nominal,nominal certified setting,understated_smoothness,100,1,100,1.0,0.9630051925239981,1.0,0.1601179889298047,0.1601179889298047,1.0,0.0,0.0,1.0,0.762188673178606,,,1,20260901
nominal,nominal certified setting,understated_smoothness,100,1,100,1.0,0.9630051925239981,1.0,0.13110166314176433,0.13110166314176433,1.0,0.0,0.0,1.0,0.7621046698456869,,,2,20260902
heterogeneous_hidden_radii,heterogeneous archive hidden radii,certified_atlas,100,1,3,0.03,0.010254338223414816,0.08452078080402699,0.20194530677751474,0.2292858413910842,1.0,0.0,0.0,1.0,2.2373380337960356,,,0,20260831
heterogeneous_hidden_radii,heterogeneous archive hidden radii,certified_atlas,100,1,3,0.03,0.010254338223414816,0.08452078080402699,0.19137436620696754,0.15283357901114816,1.0,0.0,0.0,1.0,2.2506425087059942,,,1,20260901
heterogeneous_hidden_radii,heterogeneous archive hidden radii,certified_atlas,100,1,3,0.03,0.010254338223414816,0.08452078080402699,0.1572982780649448,0.11251078018333631,1.0,0.0,0.0,1.0,2.284886305986728,,,2,20260902
heterogeneous_hidden_radii,heterogeneous archive hidden radii,no_rejection,100,1,100,1.0,0.9630051925239981,1.0,0.20194530677751474,0.20194530677751474,1.0,0.0,0.97,1.0,2.2373380337960356,,,0,20260831
heterogeneous_hidden_radii,heterogeneous archive hidden radii,no_rejection,100,1,100,1.0,0.9630051925239981,1.0,0.19137436620696754,0.19137436620696754,1.0,0.0,0.97,1.0,2.2506425087059942,,,1,20260901
heterogeneous_hidden_radii,heterogeneous archive hidden radii,no_rejection,100,1,100,1.0,0.9630051925239981,1.0,0.1572982780649448,0.1572982780649448,1.0,0.0,0.97,1.0,2.284886305986728,,,2,20260902
heterogeneous_hidden_radii,heterogeneous archive hidden radii,understated_smoothness,100,1,100,1.0,0.9630051925239981,1.0,0.20194530677751474,0.20194530677751474,1.0,0.0,0.0,1.0,0.9835893098860369,,,0,20260831
heterogeneous_hidden_radii,heterogeneous archive hidden radii,understated_smoothness,100,1,100,1.0,0.9630051925239981,1.0,0.19137436620696754,0.19137436620696754,1.0,0.0,0.0,1.0,0.9721243145462926,,,1,20260901
heterogeneous_hidden_radii,heterogeneous archive hidden radii,understated_smoothness,100,1,100,1.0,0.9630051925239981,1.0,0.1572982780649448,0.1572982780649448,1.0,0.0,0.0,1.0,0.9815455434482097,,,2,20260902
strong_semantic_mismatch,strong semantic mismatch,certified_atlas,100,1,2,0.02,0.005501852234968185,0.07001316294199365,0.6217680138610505,0.1964874018371242,1.0,0.0,0.0,1.0,3.3208732219582155,,,0,20260831
strong_semantic_mismatch,strong semantic mismatch,certified_atlas,100,1,6,0.06,0.02778574526665662,0.12476968531222507,0.531738461272642,0.2758038407280829,1.0,0.0,0.0,1.0,3.0608661717546664,,,1,20260901
strong_semantic_mismatch,strong semantic mismatch,certified_atlas,100,1,5,0.05,0.02154336145631356,0.11175196527208817,0.5103975095583518,0.20238874451520616,1.0,0.0,0.0,1.0,3.102814208234021,,,2,20260902
strong_semantic_mismatch,strong semantic mismatch,no_rejection,100,1,100,1.0,0.9630051925239981,1.0,0.6217680138610505,0.6217680138610505,1.0,0.0,0.98,1.0,3.3208732219582155,,,0,20260831
strong_semantic_mismatch,strong semantic mismatch,no_rejection,100,1,100,1.0,0.9630051925239981,1.0,0.531738461272642,0.531738461272642,1.0,0.0,0.94,1.0,3.0608661717546664,,,1,20260901
strong_semantic_mismatch,strong semantic mismatch,no_rejection,100,1,100,1.0,0.9630051925239981,1.0,0.5103975095583518,0.5103975095583518,1.0,0.0,0.95,1.0,3.102814208234021,,,2,20260902
strong_semantic_mismatch,strong semantic mismatch,understated_smoothness,100,1,100,1.0,0.9630051925239981,1.0,0.6217680138610505,0.6217680138610505,0.78,0.21999999999999997,0.0,0.78,0.9709260331831979,,,0,20260831
strong_semantic_mismatch,strong semantic mismatch,understated_smoothness,100,1,100,1.0,0.9630051925239981,1.0,0.531738461272642,0.531738461272642,0.87,0.13,0.0,0.87,0.9599930832414132,,,1,20260901
strong_semantic_mismatch,strong semantic mismatch,understated_smoothness,100,1,100,1.0,0.9630051925239981,1.0,0.5103975095583518,0.5103975095583518,0.85,0.15000000000000002,0.0,0.85,0.9610736544222963,,,2,20260902
severe_semantic_mismatch,severe semantic mismatch,certified_atlas,100,1,0,0.0,0.0,0.03699480747600191,0.8250312784143038,,,,,1.0,4.168720312690592,,,0,20260831
severe_semantic_mismatch,severe semantic mismatch,certified_atlas,100,1,1,0.01,0.0017673865655472645,0.0544875247609346,0.7086079025728096,0.23007245513857044,1.0,0.0,0.0,1.0,3.886376366064103,,,1,20260901
severe_semantic_mismatch,severe semantic mismatch,certified_atlas,100,1,1,0.01,0.0017673865655472645,0.0544875247609346,0.6887824304286156,0.12901593778370235,1.0,0.0,0.0,1.0,3.9348419475354275,,,2,20260902
severe_semantic_mismatch,severe semantic mismatch,no_rejection,100,1,100,1.0,0.9630051925239981,1.0,0.8250312784143038,0.8250312784143038,1.0,0.0,1.0,1.0,4.168720312690592,,,0,20260831
severe_semantic_mismatch,severe semantic mismatch,no_rejection,100,1,100,1.0,0.9630051925239981,1.0,0.7086079025728096,0.7086079025728096,1.0,0.0,0.99,1.0,3.886376366064103,,,1,20260901
severe_semantic_mismatch,severe semantic mismatch,no_rejection,100,1,100,1.0,0.9630051925239981,1.0,0.6887824304286156,0.6887824304286156,1.0,0.0,0.99,1.0,3.9348419475354275,,,2,20260902
severe_semantic_mismatch,severe semantic mismatch,understated_smoothness,100,1,100,1.0,0.9630051925239981,1.0,0.8250312784143038,0.8250312784143038,0.69,0.31000000000000005,0.0,0.69,1.0549589697162567,,,0,20260831
severe_semantic_mismatch,severe semantic mismatch,understated_smoothness,100,1,100,1.0,0.9630051925239981,1.0,0.7086079025728096,0.7086079025728096,0.75,0.25,0.0,0.75,1.0398909477504383,,,1,20260901
severe_semantic_mismatch,severe semantic mismatch,understated_smoothness,100,1,100,1.0,0.9630051925239981,1.0,0.6887824304286156,0.6887824304286156,0.73,0.27,0.0,0.73,1.0439819266469756,,,2,20260902
