scenario_key,scenario_label,estimator_key,repetitions,seed_batches,accepted_repetitions,acceptance_rate,acceptance_ci_lower,acceptance_ci_upper,rejection_rate,accepted_mae,accepted_mae_mc_se,accepted_rmse,accepted_bias,accepted_sign_accuracy,interval_coverage,mean_interval_width,mean_certificate_radius,between_seed_acceptance_sd,between_seed_mae_sd,seed_batch,base_seed
nominal,nominal setting,atlas,100,1,49,0.49,0.3942183009238615,0.5865215952256586,0.51,0.11548465234746483,0.012901726282186157,0.14603603287790504,-0.1019160544664556,0.9183673469387755,1.0,3.3009901938147435,1.682600454181105,,,0,20260811
nominal,nominal setting,atlas,100,1,48,0.48,0.38464384320080547,0.5768359490982345,0.52,0.10299112434642609,0.011343444224203143,0.12905362008451587,-0.09367847489948772,0.9166666666666666,1.0,3.347524618570265,1.7060343276444385,,,1,20260812
nominal,nominal setting,atlas,100,1,42,0.42,0.327982249185113,0.5179369200110473,0.58,0.11465394729339529,0.01162047394948446,0.13668203845858165,-0.09971528424609871,0.9523809523809523,1.0,3.3686814354649925,1.7162605582333148,,,2,20260813
nominal,nominal setting,atlas_no_rejection,100,1,100,1.0,0.9630051925239981,1.0,0.0,0.14076532422836588,0.010498268456975405,0.17528841069504486,-0.1319562143576247,0.89,1.0,3.3009901938147435,1.682600454181105,,,0,20260811
nominal,nominal setting,atlas_no_rejection,100,1,100,1.0,0.9630051925239981,1.0,0.0,0.12976296257555162,0.010068886896753549,0.1639368546331359,-0.11874329045981154,0.91,1.0,3.347524618570265,1.7060343276444385,,,1,20260812
nominal,nominal setting,atlas_no_rejection,100,1,100,1.0,0.9630051925239981,1.0,0.0,0.145569813432627,0.00909418645516458,0.1714009599846466,-0.13729908089832338,0.88,1.0,3.3686814354649925,1.7162605582333148,,,2,20260813
nominal,nominal setting,atlas_no_variance_penalty,100,1,45,0.45,0.3561437510640346,0.5475557296835656,0.55,0.1128408933218431,0.013854985383443314,0.14553121481177295,-0.09790228070435636,0.9111111111111111,1.0,3.301383489448372,1.683221151378025,,,0,20260811
nominal,nominal setting,atlas_no_variance_penalty,100,1,46,0.46,0.36560643853331865,0.5573531460647615,0.54,0.10626028384318857,0.01222387787563537,0.13422105455838573,-0.0964989975815253,0.9130434782608695,1.0,3.3544958832436533,1.7098350888742533,,,1,20260812
nominal,nominal setting,atlas_no_variance_penalty,100,1,41,0.41,0.31867157095664655,0.5079874943890338,0.59,0.11891816181543863,0.011549274102353613,0.13955987425193062,-0.10338397045374441,0.9512195121951219,1.0,3.3609937311719373,1.7127310773431939,,,2,20260813
nominal,nominal setting,atlas_top4_candidates,100,1,37,0.37,0.28182212569509163,0.46779652424866885,0.63,0.1324372521099462,0.016771569135136444,0.16633070934617356,-0.08125967619682548,0.918918918918919,1.0,3.5637119849246583,1.8293502970688156,,,0,20260811
nominal,nominal setting,atlas_top4_candidates,100,1,28,0.28,0.2013955916759837,0.37488212361345724,0.72,0.11426522559923782,0.0163644781971594,0.14243257261317707,-0.08283333850265966,0.8571428571428571,1.0,3.6318403639079593,1.8627725846876608,,,1,20260812
nominal,nominal setting,atlas_top4_candidates,100,1,31,0.31,0.22779563206132378,0.40626239477955695,0.69,0.12081163813383508,0.016348712525641972,0.15037906751261357,-0.061519990810964834,0.9354838709677419,1.0,3.6826381069234078,1.8880688800965786,,,2,20260813
nominal,nominal setting,semantic_forced,100,1,100,1.0,0.9630051925239981,1.0,0.0,0.24660807439939167,0.019635441821342654,0.31461889538835675,-0.1403781182622766,0.86,1.0,4.418857027201071,2.238200083156897,,,0,20260811
nominal,nominal setting,semantic_forced,100,1,100,1.0,0.9630051925239981,1.0,0.0,0.20300849429537327,0.01550089337401922,0.2549508591865365,-0.12615743441592012,0.82,1.0,4.541795598937346,2.2994389253270073,,,1,20260812
nominal,nominal setting,semantic_forced,100,1,100,1.0,0.9630051925239981,1.0,0.0,0.22273727628384926,0.01609576892040232,0.27433592215221786,-0.14849017913771004,0.8,1.0,4.46993655952856,2.2636251472177698,,,2,20260813
nominal,nominal setting,nearest_semantic,100,1,100,1.0,0.9630051925239981,1.0,0.0,0.4698037725611609,0.032841496818250465,0.5722704012315781,-0.04547085691301134,0.81,1.0,4.643452773994869,2.397059180185428,,,0,20260811
nominal,nominal setting,nearest_semantic,100,1,100,1.0,0.9630051925239981,1.0,0.0,0.4648812026835804,0.035184408224922095,0.5819543351846352,-0.03998556986886581,0.81,1.0,4.919942794314146,2.5358004374258676,,,1,20260812
nominal,nominal setting,nearest_semantic,100,1,100,1.0,0.9630051925239981,1.0,0.0,0.43250638716161427,0.0339455726161765,0.5487619365985247,-0.047478759388305106,0.74,1.0,4.862759310432819,2.5070868045457355,,,2,20260813
nominal,nominal setting,global_mean,100,1,100,1.0,0.9630051925239981,1.0,0.0,0.31480265724194967,0.026154638025733506,0.4084399061576253,-0.1736778341440002,0.81,1.0,5.202548432449793,2.6279702948253743,,,0,20260811
nominal,nominal setting,global_mean,100,1,100,1.0,0.9630051925239981,1.0,0.0,0.25423527490702996,0.01930930819433968,0.3186654419897276,-0.13157501060186175,0.77,1.0,5.294607318875636,2.6740699851066143,,,1,20260812
nominal,nominal setting,global_mean,100,1,100,1.0,0.9630051925239981,1.0,0.0,0.27586746941483864,0.02223378450431359,0.35361368305876983,-0.16603266017632218,0.76,1.0,5.175188790966421,2.6143399760056316,,,2,20260813
semantic_mismatch_010,mild semantic mismatch,atlas,100,1,41,0.41,0.31867157095664655,0.5079874943890338,0.59,0.11834217273562955,0.015022794758931087,0.15176377809789884,-0.10045738169771622,0.975609756097561,1.0,3.355585760938877,1.7129421338602537,,,0,20260811
semantic_mismatch_010,mild semantic mismatch,atlas,100,1,40,0.4,0.3093997461136028,0.4979992153815976,0.6,0.1326460749178213,0.015196350749547493,0.16309878956979385,-0.12603197995877227,0.925,1.0,3.4434635545006693,1.7576290322343566,,,1,20260812
semantic_mismatch_010,mild semantic mismatch,atlas,100,1,36,0.36,0.2727107459049014,0.45764780018837914,0.64,0.12627601786982132,0.01333804194948525,0.14890349356438023,-0.11013388221816467,0.9166666666666666,1.0,3.42957762970604,1.749979043909963,,,2,20260813
semantic_mismatch_010,mild semantic mismatch,atlas_no_rejection,100,1,100,1.0,0.9630051925239981,1.0,0.0,0.15686878145848474,0.011566891975471248,0.19455929842472125,-0.1478352776381006,0.94,1.0,3.355585760938877,1.7129421338602537,,,0,20260811
semantic_mismatch_010,mild semantic mismatch,atlas_no_rejection,100,1,100,1.0,0.9630051925239981,1.0,0.0,0.151099940795519,0.010453497565244139,0.18343793945560793,-0.1399325601849209,0.89,1.0,3.4434635545006693,1.7576290322343566,,,1,20260812
semantic_mismatch_010,mild semantic mismatch,atlas_no_rejection,100,1,100,1.0,0.9630051925239981,1.0,0.0,0.16635271947009764,0.010027079537824888,0.19397658971336149,-0.15696196672604623,0.88,1.0,3.42957762970604,1.749979043909963,,,2,20260813
semantic_mismatch_010,mild semantic mismatch,atlas_no_variance_penalty,100,1,40,0.4,0.3093997461136028,0.4979992153815976,0.6,0.10971602926961196,0.014161463199835413,0.1409217571460907,-0.08394885386730135,0.975,1.0,3.3492460917284945,1.710736080996086,,,0,20260811
semantic_mismatch_010,mild semantic mismatch,atlas_no_variance_penalty,100,1,39,0.39,0.300167219319702,0.48797163832501844,0.61,0.133930187952569,0.015884518714247814,0.16590773570504613,-0.1278943139524258,0.9230769230769231,1.0,3.442801172665704,1.7580503795748916,,,1,20260812
semantic_mismatch_010,mild semantic mismatch,atlas_no_variance_penalty,100,1,36,0.36,0.2727107459049014,0.45764780018837914,0.64,0.12729299630345448,0.012759553246547171,0.14799231018776893,-0.1087674514244182,0.9166666666666666,1.0,3.4278425757666464,1.7498329898305327,,,2,20260813
semantic_mismatch_010,mild semantic mismatch,atlas_top4_candidates,100,1,29,0.29,0.21014706973984146,0.38539074940007934,0.71,0.137688663202407,0.020509335797998705,0.17531653633062644,-0.06973037271257727,0.9655172413793104,1.0,3.662313554484612,1.8790588012391545,,,0,20260811
semantic_mismatch_010,mild semantic mismatch,atlas_top4_candidates,100,1,24,0.24,0.16691211265459965,0.3323251872329213,0.76,0.13726043468711638,0.021003572220012034,0.17025533174771695,-0.10558446460729759,0.9166666666666666,1.0,3.753243640430272,1.9239203453554938,,,1,20260812
semantic_mismatch_010,mild semantic mismatch,atlas_top4_candidates,100,1,26,0.26,0.18404578126986462,0.35371172631861636,0.74,0.11444332312122575,0.015200757118636167,0.13738212995700527,-0.05011243768555889,0.9230769230769231,1.0,3.769266252724263,1.9315237035285497,,,2,20260813
semantic_mismatch_010,mild semantic mismatch,semantic_forced,100,1,100,1.0,0.9630051925239981,1.0,0.0,0.29722166213874507,0.023801063744884783,0.38003064264337566,-0.26439512971616075,0.83,1.0,4.572170426200603,2.314812930389583,,,0,20260811
semantic_mismatch_010,mild semantic mismatch,semantic_forced,100,1,100,1.0,0.9630051925239981,1.0,0.0,0.28411816080192887,0.018332577048267715,0.3376320246056456,-0.25575826202924284,0.75,1.0,4.779453135752004,2.4182825886660595,,,1,20260812
semantic_mismatch_010,mild semantic mismatch,semantic_forced,100,1,100,1.0,0.9630051925239981,1.0,0.0,0.311593727095438,0.018525506861035528,0.36203162404214834,-0.28071663353686793,0.73,1.0,4.688472216738689,2.3727490303015153,,,2,20260813
semantic_mismatch_010,mild semantic mismatch,nearest_semantic,100,1,100,1.0,0.9630051925239981,1.0,0.0,0.4994427363979985,0.0328810184459227,0.5970578053846968,-0.05205181826779109,0.78,1.0,4.675965109498284,2.413258683303057,,,0,20260811
semantic_mismatch_010,mild semantic mismatch,nearest_semantic,100,1,100,1.0,0.9630051925239981,1.0,0.0,0.48146558002806805,0.03531727556017896,0.5960644177420187,-0.06331666982978247,0.82,1.0,4.96843540140166,2.5599082093531593,,,1,20260812
semantic_mismatch_010,mild semantic mismatch,nearest_semantic,100,1,100,1.0,0.9630051925239981,1.0,0.0,0.48219857532126215,0.03499890169673403,0.5947964819328058,-0.09479089630609178,0.71,1.0,4.890139455807185,2.520588731702476,,,2,20260813
semantic_mismatch_010,mild semantic mismatch,global_mean,100,1,100,1.0,0.9630051925239981,1.0,0.0,0.3745227812018986,0.030014689320329403,0.47901418513839317,-0.3356192204023957,0.78,1.0,5.341511479767761,2.6974518184843586,,,0,20260811
semantic_mismatch_010,mild semantic mismatch,global_mean,100,1,100,1.0,0.9630051925239981,1.0,0.0,0.3470165960273738,0.0207880242912643,0.4039833800515943,-0.29818420215815106,0.67,1.0,5.53856204002813,2.7960473456828625,,,1,20260812
semantic_mismatch_010,mild semantic mismatch,global_mean,100,1,100,1.0,0.9630051925239981,1.0,0.0,0.3748807173032111,0.024802696127786426,0.4488181725279113,-0.3390816771628268,0.66,1.0,5.38827884917011,2.7208850051074776,,,2,20260813
semantic_mismatch_025,severe semantic mismatch,atlas,100,1,32,0.32,0.2366901081545688,0.4166280225367919,0.68,0.156768193511194,0.018795523576291745,0.18848790252554215,-0.11544161461512595,0.9375,1.0,3.8029641233242857,1.9452784454538727,,,0,20260811
semantic_mismatch_025,severe semantic mismatch,atlas,100,1,24,0.24,0.16691211265459965,0.3323251872329213,0.76,0.16187028879992707,0.025269495282136407,0.20220924906613894,-0.14883776640309446,0.9583333333333334,1.0,3.913559007059034,2.0007693865663474,,,1,20260812
semantic_mismatch_025,severe semantic mismatch,atlas,100,1,29,0.29,0.21014706973984146,0.38539074940007934,0.71,0.15640122524490074,0.018668161347396035,0.18498472965273025,-0.15122961493962828,0.9655172413793104,1.0,3.799538768071257,1.9440857001211576,,,2,20260813
semantic_mismatch_025,severe semantic mismatch,atlas_no_rejection,100,1,100,1.0,0.9630051925239981,1.0,0.0,0.23478266719509328,0.017312191058715252,0.29119475404157696,-0.21517609573067398,0.9,1.0,3.8029641233242857,1.9452784454538727,,,0,20260811
semantic_mismatch_025,severe semantic mismatch,atlas_no_rejection,100,1,100,1.0,0.9630051925239981,1.0,0.0,0.22393897427183151,0.015911603888604995,0.274250613290835,-0.21099948494201132,0.89,1.0,3.913559007059034,2.0007693865663474,,,1,20260812
semantic_mismatch_025,severe semantic mismatch,atlas_no_rejection,100,1,100,1.0,0.9630051925239981,1.0,0.0,0.2330122738075835,0.01509660071851627,0.2772319384868139,-0.22552445248853828,0.86,1.0,3.799538768071257,1.9440857001211576,,,2,20260813
semantic_mismatch_025,severe semantic mismatch,atlas_no_variance_penalty,100,1,32,0.32,0.2366901081545688,0.4166280225367919,0.68,0.15391829627115866,0.019532511240818944,0.1884620141661721,-0.10879553020593327,0.9375,1.0,3.793634923533757,1.9414819541825747,,,0,20260811
semantic_mismatch_025,severe semantic mismatch,atlas_no_variance_penalty,100,1,25,0.25,0.1754509400372426,0.3430464637007583,0.75,0.16288034907975044,0.023926781803742476,0.20067334007275356,-0.1490351052403889,0.96,1.0,3.9117537711572545,2.000502629501005,,,1,20260812
semantic_mismatch_025,severe semantic mismatch,atlas_no_variance_penalty,100,1,27,0.27,0.1926946091766482,0.3643230022623127,0.73,0.15069098795700187,0.020266008383287168,0.1827190803994903,-0.14382776795116006,0.9629629629629629,1.0,3.7972786097554025,1.9437265255461293,,,2,20260813
semantic_mismatch_025,severe semantic mismatch,atlas_top4_candidates,100,1,27,0.27,0.1926946091766482,0.3643230022623127,0.73,0.14568156408565203,0.021684656017172902,0.18289054126882254,-0.06481549843359238,0.9629629629629629,1.0,3.938264336712004,2.0176077057851414,,,0,20260811
semantic_mismatch_025,severe semantic mismatch,atlas_top4_candidates,100,1,17,0.17,0.10893476059773155,0.25548181233642975,0.83,0.19252630577054908,0.02727501591382055,0.2212898603715082,-0.17645290667335978,0.8823529411764706,1.0,4.069856340171822,2.0833775726112465,,,1,20260812
semantic_mismatch_025,severe semantic mismatch,atlas_top4_candidates,100,1,19,0.19,0.1251465399270426,0.27779024070807856,0.81,0.12898336244246442,0.02364581622202189,0.16340425647291307,-0.08720514749279823,1.0,1.0,3.990267977732648,2.0433158978744426,,,2,20260813
semantic_mismatch_025,severe semantic mismatch,semantic_forced,100,1,100,1.0,0.9630051925239981,1.0,0.0,0.4453357193553958,0.026604387705234434,0.5180689664568419,-0.4420093753688415,0.78,1.0,5.443373448582975,2.7508303858870806,,,0,20260811
semantic_mismatch_025,severe semantic mismatch,semantic_forced,100,1,100,1.0,0.9630051925239981,1.0,0.0,0.45078797487977,0.02137676634801575,0.4984470344043309,-0.445827830501043,0.67,1.0,5.6934237533920315,2.8754811109097274,,,1,20260812
semantic_mismatch_025,severe semantic mismatch,semantic_forced,100,1,100,1.0,0.9630051925239981,1.0,0.0,0.47927123138042194,0.021695165392075385,0.5256408024178363,-0.4681669110193376,0.7,1.0,5.611650193704146,2.8345668113387448,,,2,20260813
semantic_mismatch_025,severe semantic mismatch,nearest_semantic,100,1,100,1.0,0.9630051925239981,1.0,0.0,0.535675379001654,0.03737155158498276,0.652084937402789,-0.10893641393402512,0.79,1.0,4.807533911210246,2.478835822465152,,,0,20260811
semantic_mismatch_025,severe semantic mismatch,nearest_semantic,100,1,100,1.0,0.9630051925239981,1.0,0.0,0.5217642517293928,0.0383171229466641,0.6462119803615534,-0.16022491058599486,0.77,1.0,5.027355713755926,2.589600594272117,,,1,20260812
semantic_mismatch_025,severe semantic mismatch,nearest_semantic,100,1,100,1.0,0.9630051925239981,1.0,0.0,0.5661431309609551,0.04103383833611397,0.6980056287058957,-0.15553704721985662,0.72,1.0,5.053583670569763,2.6025844737734314,,,2,20260813
semantic_mismatch_025,severe semantic mismatch,global_mean,100,1,100,1.0,0.9630051925239981,1.0,0.0,0.5679636490475735,0.029555251806969517,0.6395783647586895,-0.5636103193298666,0.7,1.0,6.380395248878557,3.216893703039757,,,0,20260811
semantic_mismatch_025,severe semantic mismatch,global_mean,100,1,100,1.0,0.9630051925239981,1.0,0.0,0.5485666104670469,0.022174312551227825,0.5912728978180373,-0.5372175230949895,0.52,1.0,6.603115347900464,3.3283239996190286,,,1,20260812
semantic_mismatch_025,severe semantic mismatch,global_mean,100,1,100,1.0,0.9630051925239981,1.0,0.0,0.5903210179848576,0.025851475101955075,0.6439258357951108,-0.5846127152750427,0.57,1.0,6.509976979218378,3.2817340701316113,,,2,20260813
hidden_radius_040,larger hidden-moderator uncertainty,atlas,100,1,0,0.0,0.0,0.03699480747600191,1.0,,,,,,1.0,4.540990186131726,2.3026004503392428,,,0,20260811
hidden_radius_040,larger hidden-moderator uncertainty,atlas,100,1,0,0.0,0.0,0.03699480747600191,1.0,,,,,,1.0,4.587524618846876,2.326034327783125,,,1,20260812
hidden_radius_040,larger hidden-moderator uncertainty,atlas,100,1,0,0.0,0.0,0.03699480747600191,1.0,,,,,,1.0,4.608681437775414,2.336260559377531,,,2,20260813
hidden_radius_040,larger hidden-moderator uncertainty,atlas_no_rejection,100,1,100,1.0,0.9630051925239981,1.0,0.0,0.14076532460364838,0.010498268411032822,0.1752884107240104,-0.1319562139819053,0.89,1.0,4.540990186131726,2.3026004503392428,,,0,20260811
hidden_radius_040,larger hidden-moderator uncertainty,atlas_no_rejection,100,1,100,1.0,0.9630051925239981,1.0,0.0,0.12976296280341232,0.010068886914237084,0.1639368549198061,-0.11874329068514543,0.91,1.0,4.587524618846876,2.326034327783125,,,1,20260812
hidden_radius_040,larger hidden-moderator uncertainty,atlas_no_rejection,100,1,100,1.0,0.9630051925239981,1.0,0.0,0.1455698140874715,0.009094186592082661,0.17140096125999701,-0.1372990815533071,0.88,1.0,4.608681437775414,2.336260559377531,,,2,20260813
hidden_radius_040,larger hidden-moderator uncertainty,atlas_no_variance_penalty,100,1,0,0.0,0.0,0.03699480747600191,1.0,,,,,,1.0,4.541383484460077,2.303221148880771,,,0,20260811
hidden_radius_040,larger hidden-moderator uncertainty,atlas_no_variance_penalty,100,1,0,0.0,0.0,0.03699480747600191,1.0,,,,,,1.0,4.594495871798682,2.32983508316489,,,1,20260812
hidden_radius_040,larger hidden-moderator uncertainty,atlas_no_variance_penalty,100,1,0,0.0,0.0,0.03699480747600191,1.0,,,,,,1.0,4.600993741170071,2.3327310823340652,,,2,20260813
hidden_radius_040,larger hidden-moderator uncertainty,atlas_top4_candidates,100,1,0,0.0,0.0,0.03699480747600191,1.0,,,,,,1.0,4.803711985242636,2.449350297208847,,,0,20260811
hidden_radius_040,larger hidden-moderator uncertainty,atlas_top4_candidates,100,1,0,0.0,0.0,0.03699480747600191,1.0,,,,,,1.0,4.871840363730218,2.482772584606014,,,1,20260812
hidden_radius_040,larger hidden-moderator uncertainty,atlas_top4_candidates,100,1,0,0.0,0.0,0.03699480747600191,1.0,,,,,,1.0,4.922638107000176,2.5080688801260167,,,2,20260813
hidden_radius_040,larger hidden-moderator uncertainty,semantic_forced,100,1,100,1.0,0.9630051925239981,1.0,0.0,0.24660807439939167,0.019635441821342654,0.31461889538835675,-0.1403781182622766,0.86,1.0,5.65885702720107,2.858200083156896,,,0,20260811
hidden_radius_040,larger hidden-moderator uncertainty,semantic_forced,100,1,100,1.0,0.9630051925239981,1.0,0.0,0.20300849429537327,0.01550089337401922,0.2549508591865365,-0.12615743441592012,0.82,1.0,5.781795598937346,2.919438925327007,,,1,20260812
hidden_radius_040,larger hidden-moderator uncertainty,semantic_forced,100,1,100,1.0,0.9630051925239981,1.0,0.0,0.22273727628384926,0.01609576892040232,0.27433592215221786,-0.14849017913771004,0.8,1.0,5.7099365595285585,2.8836251472177703,,,2,20260813
hidden_radius_040,larger hidden-moderator uncertainty,nearest_semantic,100,1,100,1.0,0.9630051925239981,1.0,0.0,0.4698037725611609,0.032841496818250465,0.5722704012315781,-0.04547085691301134,0.81,1.0,5.883452773994868,3.0170591801854276,,,0,20260811
hidden_radius_040,larger hidden-moderator uncertainty,nearest_semantic,100,1,100,1.0,0.9630051925239981,1.0,0.0,0.4648812026835804,0.035184408224922095,0.5819543351846352,-0.03998556986886581,0.81,1.0,6.159942794314147,3.155800437425867,,,1,20260812
hidden_radius_040,larger hidden-moderator uncertainty,nearest_semantic,100,1,100,1.0,0.9630051925239981,1.0,0.0,0.43250638716161427,0.0339455726161765,0.5487619365985247,-0.047478759388305106,0.74,1.0,6.10275931043282,3.1270868045457347,,,2,20260813
hidden_radius_040,larger hidden-moderator uncertainty,global_mean,100,1,100,1.0,0.9630051925239981,1.0,0.0,0.31480265724194967,0.026154638025733506,0.4084399061576253,-0.1736778341440002,0.81,1.0,6.442548432449793,3.2479702948253744,,,0,20260811
hidden_radius_040,larger hidden-moderator uncertainty,global_mean,100,1,100,1.0,0.9630051925239981,1.0,0.0,0.25423527490702996,0.01930930819433968,0.3186654419897276,-0.13157501060186175,0.77,1.0,6.534607318875636,3.294069985106615,,,1,20260812
hidden_radius_040,larger hidden-moderator uncertainty,global_mean,100,1,100,1.0,0.9630051925239981,1.0,0.0,0.27586746941483864,0.02223378450431359,0.35361368305876983,-0.16603266017632218,0.76,1.0,6.415188790966421,3.2343399760056313,,,2,20260813
sample_size_100,small experiments,atlas,100,1,28,0.28,0.2013955916759837,0.37488212361345724,0.72,0.1513905349613443,0.016701060786945422,0.17449951496761146,-0.1085590835236384,0.8928571428571429,1.0,3.5079430599635746,1.818424222040588,,,0,20260811
sample_size_100,small experiments,atlas,100,1,22,0.22,0.15001174503655804,0.3107053471500031,0.78,0.09244190175139404,0.01877158978674472,0.12627481714487881,-0.08354725044266444,0.8636363636363636,1.0,3.525193464887504,1.8262611590803766,,,1,20260812
sample_size_100,small experiments,atlas,100,1,19,0.19,0.1251465399270426,0.27779024070807856,0.81,0.11617966801096602,0.017942576722212226,0.13889767575061426,-0.056601244188658764,0.8421052631578947,1.0,3.5781234796663295,1.8515614760066186,,,2,20260813
sample_size_100,small experiments,atlas_no_rejection,100,1,100,1.0,0.9630051925239981,1.0,0.0,0.16262585523147982,0.010867166368941921,0.1952910749980813,-0.1451164491615974,0.88,1.0,3.5079430599635746,1.818424222040588,,,0,20260811
sample_size_100,small experiments,atlas_no_rejection,100,1,100,1.0,0.9630051925239981,1.0,0.0,0.13460640079982744,0.010128971809805789,0.16815437567528235,-0.11143403740097847,0.92,1.0,3.525193464887504,1.8262611590803766,,,1,20260812
sample_size_100,small experiments,atlas_no_rejection,100,1,100,1.0,0.9630051925239981,1.0,0.0,0.15233630901708198,0.011396316639853389,0.1899054457027813,-0.1261116421903722,0.84,1.0,3.5781234796663295,1.8515614760066186,,,2,20260813
sample_size_100,small experiments,atlas_no_variance_penalty,100,1,30,0.3,0.21894753866228117,0.39585038432811953,0.7,0.15440386458557304,0.01598034200000723,0.17676629198362068,-0.11313466098805591,0.9,1.0,3.4772293884895604,1.8055470164359346,,,0,20260811
sample_size_100,small experiments,atlas_no_variance_penalty,100,1,23,0.23,0.15843154746876406,0.32154564856827694,0.77,0.0884098235177241,0.015940357851790567,0.11578595372576168,-0.08001307240670974,0.9565217391304348,1.0,3.503155825917764,1.8167403053755466,,,1,20260812
sample_size_100,small experiments,atlas_no_variance_penalty,100,1,21,0.21,0.14165549531645788,0.2998014930196232,0.79,0.12442341363939637,0.016471173623676387,0.14459314324167027,-0.06565977483360755,0.8095238095238095,1.0,3.546790730855885,1.8373273172330968,,,2,20260813
sample_size_100,small experiments,atlas_top4_candidates,100,1,24,0.24,0.16691211265459965,0.3323251872329213,0.76,0.1516212929124908,0.02142998251916833,0.18317104556181393,-0.07593585023646117,0.9583333333333334,1.0,3.804460572725006,1.9970607239298062,,,0,20260811
sample_size_100,small experiments,atlas_top4_candidates,100,1,15,0.15,0.09305903191162297,0.23283733332157835,0.85,0.1367239472498466,0.02189335146283371,0.15938601408979117,-0.030578471945132444,0.9333333333333333,1.0,3.8862467618625534,2.034990638679,,,1,20260812
sample_size_100,small experiments,atlas_top4_candidates,100,1,13,0.13,0.07757093858414264,0.20980521894809878,0.87,0.20649807158457487,0.03396891897243861,0.2376722597233876,-0.09599097855779398,0.7692307692307693,1.0,3.9141911330220402,2.048936953264979,,,2,20260813
sample_size_100,small experiments,semantic_forced,100,1,100,1.0,0.9630051925239981,1.0,0.0,0.2514081488972456,0.020361791741996354,0.3228803355167953,-0.1519209005976463,0.89,1.0,4.561667962930716,2.338948864598036,,,0,20260811
sample_size_100,small experiments,semantic_forced,100,1,100,1.0,0.9630051925239981,1.0,0.0,0.2143547431425733,0.014660389374780303,0.25927925206833563,-0.1254870039232491,0.79,1.0,4.687401232418089,2.4007518645323707,,,1,20260812
sample_size_100,small experiments,semantic_forced,100,1,100,1.0,0.9630051925239981,1.0,0.0,0.22999749979448483,0.01667038496090317,0.2835685484172037,-0.15228963184427347,0.81,1.0,4.591793136294424,2.3528591931249654,,,2,20260813
sample_size_100,small experiments,nearest_semantic,100,1,100,1.0,0.9630051925239981,1.0,0.0,0.5047974710844473,0.036693629065285484,0.622989811953092,-0.06873564659719034,0.77,1.0,4.958011150852113,2.6295156224025074,,,0,20260811
sample_size_100,small experiments,nearest_semantic,100,1,100,1.0,0.9630051925239981,1.0,0.0,0.5609067686422137,0.03741064725698391,0.6731808816351746,-0.03548543930055123,0.74,1.0,5.285354828615381,2.793069610075974,,,1,20260812
sample_size_100,small experiments,nearest_semantic,100,1,100,1.0,0.9630051925239981,1.0,0.0,0.5038243268970723,0.0372110519827744,0.6252363784602565,-0.009803575893975043,0.77,1.0,5.222577797754357,2.7612155444568725,,,2,20260813
sample_size_100,small experiments,global_mean,100,1,100,1.0,0.9630051925239981,1.0,0.0,0.3142078741770793,0.027579956752701536,0.41717063131108245,-0.18131820873403648,0.82,1.0,5.3585105544366005,2.7329442109861377,,,0,20260811
sample_size_100,small experiments,global_mean,100,1,100,1.0,0.9630051925239981,1.0,0.0,0.24792290708152268,0.01959589978009373,0.3154071929850516,-0.12537723656531582,0.74,1.0,5.443030520112477,2.7750179522797502,,,1,20260812
sample_size_100,small experiments,global_mean,100,1,100,1.0,0.9630051925239981,1.0,0.0,0.284358619066473,0.022387918711260328,0.3612208406991068,-0.17099384907690038,0.73,1.0,5.288764858052071,2.6977228783490728,,,2,20260813
sample_size_1000,large experiments,atlas,100,1,54,0.54,0.44264685393523856,0.6343935614666815,0.46,0.10959320368288351,0.009084696340519548,0.12800332337970294,-0.10340055694295833,0.9259259259259259,1.0,3.2374407198926627,1.639350958690695,,,0,20260811
sample_size_1000,large experiments,atlas,100,1,52,0.52,0.4231640509017654,0.6153561567991945,0.48,0.11403979148074034,0.010245976703534715,0.13549559406138975,-0.1014645245281496,0.9615384615384616,1.0,3.251680116226954,1.646273460435111,,,1,20260812
sample_size_1000,large experiments,atlas,100,1,44,0.44,0.34671865400968327,0.537720722887437,0.56,0.11490505605922792,0.013997831624732941,0.1470665202768202,-0.0836341062733646,0.9318181818181818,1.0,3.32527673463255,1.6829300167879107,,,2,20260813
sample_size_1000,large experiments,atlas_no_rejection,100,1,100,1.0,0.9630051925239981,1.0,0.0,0.1408865309286747,0.009549900077615445,0.16993490858228016,-0.13413470654177748,0.89,1.0,3.2374407198926627,1.639350958690695,,,0,20260811
sample_size_1000,large experiments,atlas_no_rejection,100,1,100,1.0,0.9630051925239981,1.0,0.0,0.1350192907923475,0.008587953065151492,0.15978657557236697,-0.11620329048793977,0.93,1.0,3.251680116226954,1.646273460435111,,,1,20260812
sample_size_1000,large experiments,atlas_no_rejection,100,1,100,1.0,0.9630051925239981,1.0,0.0,0.14086152228411605,0.009526423573763907,0.169783657413687,-0.12054078048993427,0.89,1.0,3.32527673463255,1.6829300167879107,,,2,20260813
sample_size_1000,large experiments,atlas_no_variance_penalty,100,1,53,0.53,0.4328868313724773,0.6248934801789626,0.47,0.10901911742261465,0.009385673910031457,0.12831949754565355,-0.10268492090086948,0.9245283018867925,1.0,3.2406758896080743,1.6411143816208198,,,0,20260811
sample_size_1000,large experiments,atlas_no_variance_penalty,100,1,51,0.51,0.4134784047743415,0.6057816990761385,0.49,0.11289258122254336,0.010432702631349593,0.13485844098460054,-0.10016475717147362,0.9607843137254902,1.0,3.2610239278826265,1.651068571453414,,,1,20260812
sample_size_1000,large experiments,atlas_no_variance_penalty,100,1,44,0.44,0.34671865400968327,0.537720722887437,0.56,0.11593083942527893,0.014097168778416908,0.1482745990897909,-0.08360063255821336,0.9090909090909091,1.0,3.3284465473293867,1.6846447838173346,,,2,20260813
sample_size_1000,large experiments,atlas_top4_candidates,100,1,45,0.45,0.3561437510640346,0.5475557296835656,0.55,0.1239861837115819,0.013833689126549111,0.15424945952826633,-0.07815007747149058,0.9333333333333333,1.0,3.421777722743048,1.7414577498843633,,,0,20260811
sample_size_1000,large experiments,atlas_top4_candidates,100,1,43,0.43,0.3373313900052838,0.5278478830413564,0.57,0.13473929880050245,0.01670899871103344,0.17286030612640485,-0.09894295475347657,0.8837209302325582,1.0,3.5337258310564206,1.7966673276675709,,,1,20260812
sample_size_1000,large experiments,atlas_top4_candidates,100,1,31,0.31,0.22779563206132378,0.40626239477955695,0.69,0.14591718634863018,0.017256426059631597,0.17385440023895526,-0.049047246008460776,0.8387096774193549,1.0,3.6568754592845245,1.8583537505287522,,,2,20260813
sample_size_1000,large experiments,semantic_forced,100,1,100,1.0,0.9630051925239981,1.0,0.0,0.24770547928170397,0.0204684441302229,0.32067860510528645,-0.14070184341451294,0.86,1.0,4.347062660526882,2.1917919342687306,,,0,20260811
sample_size_1000,large experiments,semantic_forced,100,1,100,1.0,0.9630051925239981,1.0,0.0,0.20871735985508078,0.014961149996873629,0.2563643914792799,-0.1274218323251244,0.8,1.0,4.45996373081393,2.248004062763071,,,1,20260812
sample_size_1000,large experiments,semantic_forced,100,1,100,1.0,0.9630051925239981,1.0,0.0,0.2149790876569119,0.016490703839352108,0.2704411139756735,-0.13812696587175707,0.8,1.0,4.40093278613573,2.218535854469867,,,2,20260813
sample_size_1000,large experiments,nearest_semantic,100,1,100,1.0,0.9630051925239981,1.0,0.0,0.47854824135402113,0.033715582583120456,0.584419138706142,-0.051208967410808055,0.78,1.0,4.455808876653739,2.275636280910102,,,0,20260811
sample_size_1000,large experiments,nearest_semantic,100,1,100,1.0,0.9630051925239981,1.0,0.0,0.4655832676636755,0.03394380531402374,0.5751815271102019,-0.055620837998967616,0.75,1.0,4.707680170626905,2.401723998987859,,,1,20260812
sample_size_1000,large experiments,nearest_semantic,100,1,100,1.0,0.9630051925239981,1.0,0.0,0.443695107055375,0.03157146412420665,0.5436398857447284,-0.04340512897214992,0.73,1.0,4.711921622317067,2.403884224541958,,,2,20260813
sample_size_1000,large experiments,global_mean,100,1,100,1.0,0.9630051925239981,1.0,0.0,0.31428757755968467,0.026670467396746035,0.41133532633760406,-0.1685142363309386,0.8,1.0,5.1367166798698225,2.5852673535347668,,,0,20260811
sample_size_1000,large experiments,global_mean,100,1,100,1.0,0.9630051925239981,1.0,0.0,0.253265400720588,0.01985535164152482,0.3212049611917781,-0.1310323656577233,0.76,1.0,5.241977089666611,2.637885587810227,,,1,20260812
sample_size_1000,large experiments,global_mean,100,1,100,1.0,0.9630051925239981,1.0,0.0,0.2728199246435127,0.02208990468456116,0.3503414567116182,-0.15941102176763539,0.76,1.0,5.093333008169329,2.5635856305960782,,,2,20260813
