sweep_key,sweep_label,level,method,repetitions,accepted_repetitions,acceptance_rate,rejection_rate,accepted_mae,accepted_rmse,accepted_bias,accepted_sign_accuracy,interval_coverage,mean_interval_width,mean_certificate_radius,mean_representation_term,mean_curvature_term,mean_hidden_moderator_term
semantic_shift_fraction,semantic mismatch fraction,0.0,atlas,200,103,0.515,0.485,0.11147320549799405,0.14251762013144476,-0.08769511145155567,0.883495145631068,1.0,3.3182269310839776,1.6591134655419888,0.009818854573592767,0.9128883804370372,0.6200000000000001
semantic_shift_fraction,semantic mismatch fraction,0.0,atlas_no_rejection,200,200,1.0,0.0,0.14133781612631272,0.17383376636957615,-0.12787801331937215,0.855,1.0,3.3182269310839776,1.6591134655419888,0.009818854573592767,0.9128883804370372,0.6200000000000001
semantic_shift_fraction,semantic mismatch fraction,0.0,semantic_forced,200,200,1.0,0.0,0.2042850944582665,0.2673418542993896,-0.12556773249761094,0.85,1.0,4.407124070358102,2.203562035179051,0.592613697001486,0.8885263723266189,0.6200000000000001
semantic_shift_fraction,semantic mismatch fraction,0.0,nearest_semantic,200,200,1.0,0.0,0.4846377558431289,0.59226029824392,-0.07577838915560965,0.715,1.0,4.949304398452776,2.474652199226388,1.5830318960782643,0.0,0.6200000000000001
semantic_shift_fraction,semantic mismatch fraction,0.0,global_mean,200,200,1.0,0.0,0.27575058045633066,0.35464869895245743,-0.13649502775745603,0.775,1.0,5.182649912440063,2.5913249562200313,0.8413799432016631,1.033912733886376,0.6200000000000001
semantic_shift_fraction,semantic mismatch fraction,0.1,atlas,200,86,0.43,0.57,0.11568324244096996,0.14126751295273202,-0.08738724447746363,0.8953488372093024,1.0,3.419360902039259,1.7096804510196295,0.04390398181136451,0.9192881170249728,0.6200000000000001
semantic_shift_fraction,semantic mismatch fraction,0.1,atlas_no_rejection,200,200,1.0,0.0,0.1647290054856747,0.2002807027699167,-0.148031579293357,0.865,1.0,3.419360902039259,1.7096804510196295,0.04390398181136451,0.9192881170249728,0.6200000000000001
semantic_shift_fraction,semantic mismatch fraction,0.1,semantic_forced,200,200,1.0,0.0,0.2803017655246578,0.3426044098621398,-0.2529941136017173,0.745,1.0,4.608994414934557,2.3044972074672785,0.6875808212021275,0.8945691808339379,0.6200000000000001
semantic_shift_fraction,semantic mismatch fraction,0.1,nearest_semantic,200,200,1.0,0.0,0.5032110578955585,0.6216044574420493,-0.09850816694432123,0.695,1.0,4.99808949098068,2.49904474549034,1.6074244423422157,0.0,0.6200000000000001
semantic_shift_fraction,semantic mismatch fraction,0.1,global_mean,200,200,1.0,0.0,0.3565490854690065,0.43286657640025705,-0.3068295913754936,0.695,1.0,5.344533340516871,2.6722666702584355,0.9223216572400667,1.033912733886376,0.6200000000000001
semantic_shift_fraction,semantic mismatch fraction,0.25,atlas,200,60,0.3,0.7,0.13641399447938235,0.16499476478543104,-0.1011170803031803,0.95,1.0,3.882217997682809,1.9411089988414045,0.3068643297579269,0.8566014463523688,0.6200000000000001
semantic_shift_fraction,semantic mismatch fraction,0.25,atlas_no_rejection,200,200,1.0,0.0,0.2274634608001481,0.2881353164221631,-0.19821126154738558,0.87,1.0,3.882217997682809,1.9411089988414045,0.3068643297579269,0.8566014463523688,0.6200000000000001
semantic_shift_fraction,semantic mismatch fraction,0.25,semantic_forced,200,200,1.0,0.0,0.4445046538232342,0.49845642501257825,-0.43986137187785074,0.665,1.0,5.5763704448713804,2.7881852224356902,1.1555315847341179,0.9098317030047346,0.6200000000000001
semantic_shift_fraction,semantic mismatch fraction,0.25,nearest_semantic,200,200,1.0,0.0,0.5391719397498667,0.6530464173569448,-0.11514108202557133,0.725,1.0,5.121553592824217,2.5607767964121084,1.6691564932639846,0.0,0.6200000000000001
semantic_shift_fraction,semantic mismatch fraction,0.25,global_mean,200,200,1.0,0.0,0.5572352746309785,0.614320643916931,-0.5507798554271621,0.57,1.0,6.452506985785976,3.226253492892988,1.4763084798746196,1.033912733886376,0.6200000000000001
moderator_sensitivity_radius,hidden moderator sensitivity radius,0.2,atlas,200,92,0.46,0.54,0.13047199539800788,0.1591435926108216,-0.11718037650766046,0.9021739130434783,1.0,3.403560384557601,1.7017801922788005,0.009233906368116296,0.9571565341708387,0.6200000000000001
moderator_sensitivity_radius,hidden moderator sensitivity radius,0.2,atlas_no_rejection,200,200,1.0,0.0,0.1495522625880764,0.17832243208213808,-0.13677035219658454,0.88,1.0,3.403560384557601,1.7017801922788005,0.009233906368116296,0.9571565341708387,0.6200000000000001
moderator_sensitivity_radius,hidden moderator sensitivity radius,0.2,semantic_forced,200,200,1.0,0.0,0.20818415516434663,0.2603772453223994,-0.13138219222884215,0.795,1.0,4.499609155908011,2.2498045779540057,0.6185760520282,0.9085223122360631,0.6200000000000001
moderator_sensitivity_radius,hidden moderator sensitivity radius,0.2,nearest_semantic,200,200,1.0,0.0,0.4554784955503882,0.5641303892854687,-0.050805874115100756,0.74,1.0,4.945078761727091,2.4725393808635454,1.5809190777154214,0.0,0.6200000000000001
moderator_sensitivity_radius,hidden moderator sensitivity radius,0.2,global_mean,200,200,1.0,0.0,0.2677683612714138,0.33543386678711923,-0.14711443215021422,0.73,1.0,5.2469179364334195,2.6234589682167098,0.8430967842232309,1.0643299048614865,0.6200000000000001
moderator_sensitivity_radius,hidden moderator sensitivity radius,0.4,atlas,200,0,0.0,1.0,,,,,1.0,4.643560385788399,2.3217801928941997,0.009233907216649346,0.9571565339660646,1.2400000000000002
moderator_sensitivity_radius,hidden moderator sensitivity radius,0.4,atlas_no_rejection,200,200,1.0,0.0,0.14955226280821085,0.17832243269779766,-0.13677035340175703,0.88,1.0,4.643560385788399,2.3217801928941997,0.009233907216649346,0.9571565339660646,1.2400000000000002
moderator_sensitivity_radius,hidden moderator sensitivity radius,0.4,semantic_forced,200,200,1.0,0.0,0.20818415516434663,0.2603772453223994,-0.13138219222884215,0.795,1.0,5.7396091559080125,2.8698045779540062,0.6185760520282,0.9085223122360631,1.2400000000000002
moderator_sensitivity_radius,hidden moderator sensitivity radius,0.4,nearest_semantic,200,200,1.0,0.0,0.4554784955503882,0.5641303892854687,-0.050805874115100756,0.74,1.0,6.185078761727091,3.0925393808635455,1.5809190777154214,0.0,1.2400000000000002
moderator_sensitivity_radius,hidden moderator sensitivity radius,0.4,global_mean,200,200,1.0,0.0,0.2677683612714138,0.33543386678711923,-0.14711443215021422,0.73,1.0,6.48691793643342,3.24345896821671,0.8430967842232309,1.0643299048614865,1.2400000000000002
moderator_sensitivity_radius,hidden moderator sensitivity radius,0.6,atlas,200,0,0.0,1.0,,,,,1.0,5.88356038393664,2.94178019196832,0.00923390617708991,0.9571565340431205,1.8599999999999997
moderator_sensitivity_radius,hidden moderator sensitivity radius,0.6,atlas_no_rejection,200,200,1.0,0.0,0.1495522626390866,0.1783224328334837,-0.13677035323150058,0.88,1.0,5.88356038393664,2.94178019196832,0.00923390617708991,0.9571565340431205,1.8599999999999997
moderator_sensitivity_radius,hidden moderator sensitivity radius,0.6,semantic_forced,200,200,1.0,0.0,0.20818415516434663,0.2603772453223994,-0.13138219222884215,0.795,1.0,6.979609155908011,3.4898045779540054,0.6185760520282,0.9085223122360631,1.8599999999999997
moderator_sensitivity_radius,hidden moderator sensitivity radius,0.6,nearest_semantic,200,200,1.0,0.0,0.4554784955503882,0.5641303892854687,-0.050805874115100756,0.74,1.0,7.4250787617270895,3.7125393808635447,1.5809190777154214,0.0,1.8599999999999997
moderator_sensitivity_radius,hidden moderator sensitivity radius,0.6,global_mean,200,200,1.0,0.0,0.2677683612714138,0.33543386678711923,-0.14711443215021422,0.73,1.0,7.726917936433418,3.863458968216709,0.8430967842232309,1.0643299048614865,1.8599999999999997
sample_size,units per experiment,100.0,atlas,200,50,0.25,0.75,0.13305537078633684,0.16084377861658514,-0.10939035750111056,0.92,1.0,3.6227303269203937,1.8113651634601968,0.027546954011064467,0.93113220250004,0.6200000000000001
sample_size,units per experiment,100.0,atlas_no_rejection,200,200,1.0,0.0,0.1527981428529743,0.1871359753155172,-0.12634272186480103,0.87,1.0,3.6227303269203937,1.8113651634601968,0.027546954011064467,0.93113220250004,0.6200000000000001
sample_size,units per experiment,100.0,semantic_forced,200,200,1.0,0.0,0.2238693148338855,0.2916268539750978,-0.13183467851512692,0.8,1.0,4.74893125965173,2.374465629825865,0.6453783488463688,0.9038689022363446,0.6200000000000001
sample_size,units per experiment,100.0,nearest_semantic,200,200,1.0,0.0,0.4830358950880793,0.6015713196570512,-0.08520813471466666,0.715,1.0,5.52189702131194,2.76094851065597,1.597707904359721,0.0,0.6200000000000001
sample_size,units per experiment,100.0,global_mean,200,200,1.0,0.0,0.2961774766607757,0.37887232609822546,-0.15192440759827533,0.785,1.0,5.518130512204397,2.7590652561021987,0.899898749600137,1.047101948238078,0.6200000000000001
sample_size,units per experiment,400.0,atlas,200,93,0.465,0.535,0.1119306490601281,0.13599310917783378,-0.09200829387736958,0.9032258064516129,1.0,3.355246408393073,1.6776232041965364,0.00937193234369061,0.9302342484764948,0.6200000000000001
sample_size,units per experiment,400.0,atlas_no_rejection,200,200,1.0,0.0,0.1516426498816163,0.1854661128542301,-0.1327939987550474,0.83,1.0,3.355246408393073,1.6776232041965364,0.00937193234369061,0.9302342484764948,0.6200000000000001
sample_size,units per experiment,400.0,semantic_forced,200,200,1.0,0.0,0.22642938464840867,0.28609956417752885,-0.13724702620591425,0.785,1.0,4.549595108779908,2.274797554389954,0.6465573211598067,0.9056516876692393,0.6200000000000001
sample_size,units per experiment,400.0,nearest_semantic,200,200,1.0,0.0,0.4857986123382592,0.5942959622794808,-0.018682258868356075,0.75,1.0,5.005808340216458,2.502904170108229,1.6112838669601046,0.0,0.6200000000000001
sample_size,units per experiment,400.0,global_mean,200,200,1.0,0.0,0.3009550161593487,0.3729250380779448,-0.15880433597762766,0.75,1.0,5.332653675601396,2.6663268378006983,0.9009770019329051,1.0493175567358008,0.6200000000000001
sample_size,units per experiment,1000.0,atlas,200,121,0.605,0.395,0.11641484170044682,0.13685785132019576,-0.09754111439421118,0.9008264462809917,1.0,3.253586123034523,1.6267930615172614,0.003165505955657388,0.9287885740652162,0.6200000000000001
sample_size,units per experiment,1000.0,atlas_no_rejection,200,200,1.0,0.0,0.13798421832031899,0.1637034962190854,-0.12317360473863971,0.855,1.0,3.253586123034523,1.6267930615172614,0.003165505955657388,0.9287885740652162,0.6200000000000001
sample_size,units per experiment,1000.0,semantic_forced,200,200,1.0,0.0,0.22687141575132763,0.28533254170513805,-0.13200502069936712,0.81,1.0,4.472610427620577,2.2363052138102884,0.6462984307915173,0.9051731063016785,0.6200000000000001
sample_size,units per experiment,1000.0,nearest_semantic,200,200,1.0,0.0,0.47666084694009386,0.5850199075131359,-0.04624248390102785,0.735,1.0,4.772518600636574,2.386259300318287,1.594471536979592,0.0,0.6200000000000001
sample_size,units per experiment,1000.0,global_mean,200,200,1.0,0.0,0.30167202342948607,0.3756285350894101,-0.15420938698006595,0.78,1.0,5.2744464591264775,2.6372232295632387,0.9070778848333828,1.049409198539025,0.6200000000000001
scientific_tolerance,scientific tolerance,1.25,atlas,200,3,0.015,0.985,0.11975795596623597,0.1368864566306593,-0.004306787739586204,1.0,1.0,3.3747455051784643,1.6873727525892321,0.007652513289279676,0.9438656524613256,0.6200000000000001
scientific_tolerance,scientific tolerance,1.25,atlas_no_rejection,200,200,1.0,0.0,0.15621045108643905,0.18925277563029297,-0.14841551379535567,0.87,1.0,3.3747455051784643,1.6873727525892321,0.007652513289279676,0.9438656524613256,0.6200000000000001
scientific_tolerance,scientific tolerance,1.25,semantic_forced,200,200,1.0,0.0,0.20120278475254985,0.256455754979167,-0.11230018641727071,0.865,1.0,4.468498783024706,2.234249391512353,0.6077632105298081,0.9037023134481535,0.6200000000000001
scientific_tolerance,scientific tolerance,1.25,nearest_semantic,200,200,1.0,0.0,0.4368719402977155,0.551452563124986,-0.06310725049088975,0.765,1.0,4.966453338357525,2.4832266691787623,1.5916063660306383,0.0,0.6200000000000001
scientific_tolerance,scientific tolerance,1.25,global_mean,200,200,1.0,0.0,0.2641082691222535,0.3366648920269941,-0.11389710756508897,0.83,1.0,5.200889078742803,2.6004445393714013,0.8340445022366209,1.0503677580027881,0.6200000000000001
scientific_tolerance,scientific tolerance,1.65,atlas,200,92,0.46,0.54,0.12091437132803941,0.143403123963278,-0.1093335216423237,0.9239130434782609,1.0,3.3747455051784643,1.6873727525892321,0.007652513289279676,0.9438656524613256,0.6200000000000001
scientific_tolerance,scientific tolerance,1.65,atlas_no_rejection,200,200,1.0,0.0,0.15621045108643905,0.18925277563029297,-0.14841551379535567,0.87,1.0,3.3747455051784643,1.6873727525892321,0.007652513289279676,0.9438656524613256,0.6200000000000001
scientific_tolerance,scientific tolerance,1.65,semantic_forced,200,200,1.0,0.0,0.20120278475254985,0.256455754979167,-0.11230018641727071,0.865,1.0,4.468498783024706,2.234249391512353,0.6077632105298081,0.9037023134481535,0.6200000000000001
scientific_tolerance,scientific tolerance,1.65,nearest_semantic,200,200,1.0,0.0,0.4368719402977155,0.551452563124986,-0.06310725049088975,0.765,1.0,4.966453338357525,2.4832266691787623,1.5916063660306383,0.0,0.6200000000000001
scientific_tolerance,scientific tolerance,1.65,global_mean,200,200,1.0,0.0,0.2641082691222535,0.3366648920269941,-0.11389710756508897,0.83,1.0,5.200889078742803,2.6004445393714013,0.8340445022366209,1.0503677580027881,0.6200000000000001
scientific_tolerance,scientific tolerance,2.05,atlas,200,189,0.945,0.055,0.15079963518532494,0.18164316420155022,-0.14255102429528962,0.8677248677248677,1.0,3.3747455051784643,1.6873727525892321,0.007652513289279676,0.9438656524613256,0.6200000000000001
scientific_tolerance,scientific tolerance,2.05,atlas_no_rejection,200,200,1.0,0.0,0.15621045108643905,0.18925277563029297,-0.14841551379535567,0.87,1.0,3.3747455051784643,1.6873727525892321,0.007652513289279676,0.9438656524613256,0.6200000000000001
scientific_tolerance,scientific tolerance,2.05,semantic_forced,200,200,1.0,0.0,0.20120278475254985,0.256455754979167,-0.11230018641727071,0.865,1.0,4.468498783024706,2.234249391512353,0.6077632105298081,0.9037023134481535,0.6200000000000001
scientific_tolerance,scientific tolerance,2.05,nearest_semantic,200,200,1.0,0.0,0.4368719402977155,0.551452563124986,-0.06310725049088975,0.765,1.0,4.966453338357525,2.4832266691787623,1.5916063660306383,0.0,0.6200000000000001
scientific_tolerance,scientific tolerance,2.05,global_mean,200,200,1.0,0.0,0.2641082691222535,0.3366648920269941,-0.11389710756508897,0.83,1.0,5.200889078742803,2.6004445393714013,0.8340445022366209,1.0503677580027881,0.6200000000000001
