threshold,acceptance_rate,accepted_count,conditional_mae,conditional_rmse,conditional_interval_coverage,conditional_mean_width,unconditional_mae,unconditional_interval_coverage
0.75,0.0,0,,,,,0.1364609310462671,1.0
1.0,0.0,0,,,,,0.1364609310462671,1.0
1.25,0.01,3,0.0739772658075737,0.087208340514814,1.0,2.3121329771584436,0.1364609310462671,1.0
1.5,0.19666666666666666,59,0.11364264189334061,0.13926322681696085,1.0,2.735876632105401,0.1364609310462671,1.0
1.65,0.5,150,0.11631645387492369,0.14223026286721407,1.0,2.945697497595319,0.1364609310462671,1.0
2.0,0.9433333333333334,283,0.1326993854773816,0.1598270814064479,1.0,3.2238317732096617,0.1364609310462671,1.0
2.5,1.0,300,0.1364609310462671,0.16393637889146218,1.0,3.274471928413954,0.1364609310462671,1.0
3.0,1.0,300,0.1364609310462671,0.16393637889146218,1.0,3.274471928413954,0.1364609310462671,1.0
inf,1.0,300,0.1364609310462671,0.16393637889146218,1.0,3.274471928413954,0.1364609310462671,1.0
